Player_ID,First Name,Last Name,Date of Birth,Nationality,Height (cm),Weight (kg),Preferred Foot,Primary Position,Secondary Position,Guardian Name,Guardian Phone,Email
P0001,Saad,Al Otaibi,2/11/2014,Saudi,167,52,Left,Defender,Defender,Abu Nasser,001-254-322-4331x2204,jmlmhn@hotmail.com
P0002,Talal,Al Mutairi,11/24/2010,Saudi,145,52,Right,Defender,Goalkeeper,Abu Saad,001-180-354-9323x734,lhkyrwjdy@yahoo.com
P0003,Abdullah,Al Qahtani,1/12/2011,Saudi,164,69,Left,Goalkeeper,Goalkeeper,Abu Nasser,704-667-8664x69039,khlyllshy@hotmail.com
P0004,Mohammed,Al Subaie,3/10/2015,Saudi,170,72,Right,Defender,Forward,Abu Faisal,-2703,xal-tf@hotmail.com
P0005,Abdullah,Al Zahrani,5/9/2010,Saudi,167,39,Right,Defender,Midfielder,Abu Faisal,+1-566-740-1869x8105,smh99@yahoo.com
P0006,Bandar,Al Qahtani,8/6/2012,Saudi,169,75,Right,Goalkeeper,Forward,Abu Faisal,104-262-0634x5083,hlymfsyl@al.com
P0007,Bandar,Al Qahtani,6/16/2014,Saudi,149,66,Left,Goalkeeper,Forward,Abu Bandar,001-228-625-6653x723,mrbw-dwwd@al.com
P0008,Bandar,Al Saud,7/19/2014,Saudi,154,37,Left,Forward,Goalkeeper,Abu Talal,001-405-352-5914,zshrbtly@bw.net
P0009,Khalid,Al Saud,12/28/2011,Saudi,178,41,Left,Midfielder,Midfielder,Abu Khalid,+1-276-307-5706x6922,musfmhn@al.com
P0010,Nasser,Al Subaie,9/23/2011,Saudi,161,47,Right,Defender,Goalkeeper,Abu Omar,001-299-914-2826x743,mzhrlmshwl@gmail.com
P0011,Abdullah,Al Shammari,9/30/2013,Saudi,176,68,Right,Midfielder,Goalkeeper,Abu Saad,001-275-146-7885x856,btsmlqyl@gmail.com
P0012,Bandar,Al Dossari,12/3/2011,Saudi,176,51,Right,Forward,Forward,Abu Khalid,001-427-277-1550x6829,ydal-mhmd-bn-ly-bn-jmz@lkhrfy-lqyl.com
P0013,Philip,Wright,7/25/2009,Macedonia,169,58,Right,Forward,Defender,Tristan Ross,+1-214-284-1886x092,ial-khdyr@yahoo.com
P0014,Faisal,Al Dossari,2/21/2013,Saudi,179,42,Left,Forward,Forward,Abu Abdullah,887-199-9124x61479,rsmy51@hotmail.com
P0015,Khalid,Al Harbi,3/31/2011,Saudi,140,65,Left,Goalkeeper,Midfielder,Abu Abdullah,318.047.5044x54368,thjr@hotmail.com
P0016,Khalid,Al Qahtani,12/2/2012,Saudi,157,66,Left,Goalkeeper,Goalkeeper,Abu Faisal,41222555,wdy39@hotmail.com
P0017,Talal,Al Zahrani,5/9/2014,Saudi,153,62,Right,Forward,Defender,Abu Faisal,830-001-6787,rlhjr@hotmail.com
P0018,Faisal,Al Shammari,4/13/2014,Saudi,169,55,Left,Forward,Goalkeeper,Abu Khalid,589.935.1071x2087,slymn24@gmail.com
P0019,Bandar,Al Qahtani,8/9/2013,Saudi,150,64,Right,Forward,Midfielder,Abu Abdullah,866.653.0652x37576,bhrfsyl@lrshd-al.com
P0020,Mohammed,Al Zahrani,8/2/2011,Saudi,146,69,Left,Forward,Midfielder,Abu Turki,761-211-0805x18639,bn-ldnhjr@yahoo.com
P0021,Nasser,Al Harbi,5/6/2010,Saudi,160,45,Left,Forward,Defender,Abu Faisal,275-941-4457x073,dlhkyr@lmshwl-al.com
P0022,Talal,Al Harbi,7/6/2010,Saudi,160,55,Left,Forward,Defender,Abu Khalid,(357)732-6593,mslm52@al.com
P0023,Abdullah,Al Harbi,6/21/2012,Saudi,159,75,Right,Midfielder,Midfielder,Abu Omar,(357)239-7816,frwqal-khdyr@al.com
P0024,Turki,Al Harbi,1/2/2012,Saudi,155,40,Left,Defender,Defender,Abu Abdullah,5432208686,munyral-ly@al.com
P0025,Faisal,Al Shammari,9/21/2011,Saudi,145,60,Left,Goalkeeper,Midfielder,Abu Nasser,(962)535-4774x9537,shdyal-yd@gmail.com
P0026,Faisal,Al Subaie,5/4/2011,Saudi,143,42,Right,Defender,Goalkeeper,Abu Bandar,(930)927-0727x141,alal-myd@bw.org
P0027,Faisal,Al Qahtani,12/9/2014,Saudi,146,53,Right,Defender,Midfielder,Abu Omar,+1-265-254-2188x957,zhy75@hotmail.com
P0028,Omar,Al Zahrani,12/18/2013,Saudi,159,60,Right,Goalkeeper,Forward,Abu Faisal,730.980.2010,smr57@al.org
P0029,Faisal,Al Shehri,2/5/2010,Saudi,180,46,Left,Forward,Midfielder,Abu Faisal,687-267-2673x415,pal-yd@lkhrfy-bw.com
P0030,Jon,Stokes,12/20/2014,Reunion,145,48,Left,Goalkeeper,Defender,Joshua Alexander,1823736608,al-bn-lfylwjyn@hotmail.com
P0031,Khalid,Al Subaie,12/31/2012,Saudi,167,54,Left,Defender,Midfielder,Abu Turki,650.574.5965x7825,hym25@b.com
P0032,Nasser,Al Harbi,8/12/2009,Saudi,171,49,Right,Defender,Midfielder,Abu Faisal,549.419.1098,ldbglbyb@hotmail.com
P0033,Daniel,Henry,6/29/2014,Haiti,168,62,Right,Forward,Midfielder,Cory Hoffman,(982)593-8676x7326,lal-myd@ldbg.com
P0034,Khalid,Al Otaibi,7/15/2013,Saudi,148,47,Right,Forward,Goalkeeper,Abu Turki,+1-033-748-3707x2036,mwywd98@lmhydb-bw.com
P0035,Faisal,Al Harbi,5/4/2014,Saudi,177,75,Left,Forward,Forward,Abu Abdullah,548-732-7402x05607,lhkyrkml@gmail.com
P0036,Omar,Al Zahrani,5/16/2009,Saudi,179,46,Left,Midfielder,Defender,Abu Faisal,838-277-8590x87496,llyntj-ldwyn@hotmail.com
P0037,Nasser,Al Saud,11/26/2014,Saudi,151,42,Right,Goalkeeper,Goalkeeper,Abu Omar,411.088.4248x25592,mhnnfdh@gmail.com
P0038,Bandar,Al Shammari,2/15/2012,Saudi,160,73,Left,Midfielder,Forward,Abu Nasser,(683)564-9560,mrsl93@yahoo.com
P0039,Martin,Rodriguez,6/25/2014,Italy,149,68,Right,Goalkeeper,Midfielder,Michael Nichols,889-946-6730x18856,almhydb@yahoo.com
P0040,Bandar,Al Shehri,3/2/2015,Saudi,175,36,Right,Defender,Defender,Abu Khalid,8338438106,tmh24@ljbr.com
P0041,Omar,Al Zahrani,8/8/2011,Saudi,159,47,Right,Defender,Midfielder,Abu Nasser,001-437-974-8142x8942,mal-bn-zfr@b.net
P0042,Nasser,Al Otaibi,9/17/2013,Saudi,163,59,Left,Goalkeeper,Midfielder,Abu Saad,076-409-9202,yal-bn-zfr@al.com
P0043,Turki,Al Harbi,2/15/2014,Saudi,142,73,Right,Defender,Goalkeeper,Abu Faisal,+1-657-885-1183x25479,tmym77@gmail.com
P0044,Nasser,Al Subaie,9/26/2009,Saudi,166,44,Right,Defender,Midfielder,Abu Bandar,973.995.4796,kal-mqt@hnbwly.info
P0045,Nathan,Juarez,8/19/2014,Papua New Guinea,160,52,Left,Goalkeeper,Forward,Michael Perez,220.745.3693x3115,llyndyldwyn@hotmail.com
P0046,Nasser,Al Mutairi,2/28/2014,Saudi,171,56,Left,Forward,Goalkeeper,Abu Abdullah,001-434-744-9020x7916,tyllmhydb@gmail.com
P0047,Bandar,Al Zahrani,1/1/2011,Saudi,161,60,Left,Goalkeeper,Forward,Abu Omar,001-315-608-1353,rshyd74@hotmail.com
P0048,Javier,Mason,1/4/2011,Chad,140,48,Left,Forward,Goalkeeper,Luis Miller,548-700-5819x1022,rftal-ly@yahoo.com
P0049,Mohammed,Al Harbi,6/10/2009,Saudi,148,46,Left,Midfielder,Midfielder,Abu Saad,5316652169,lrshdryf@hjr-b.com
P0050,Faisal,Al Saud,12/23/2013,Saudi,152,39,Left,Midfielder,Midfielder,Abu Bandar,(854)868-6469x377,whydal-sltn@lkhrfy.com
P0051,Khalid,Al Otaibi,9/9/2009,Saudi,147,65,Right,Goalkeeper,Midfielder,Abu Khalid,-10771,lwlyhnbwly@yahoo.com
P0052,Omar,Al Subaie,10/29/2014,Saudi,143,68,Right,Defender,Defender,Abu Talal,3988971840,kf38@hotmail.com
P0053,Abdullah,Al Qahtani,10/11/2010,Saudi,177,43,Right,Midfielder,Forward,Abu Omar,055.892.0716x387,nwrsllyn@yahoo.com
P0054,Saad,Al Dossari,12/6/2011,Saudi,146,59,Left,Midfielder,Forward,Abu Omar,+1-227-118-4966x43199,mhyyldwyn02@al.info
P0055,Mohammed,Al Mutairi,8/3/2012,Saudi,173,48,Right,Goalkeeper,Forward,Abu Saad,001-691-515-5457x405,mlqyl@bw.info
P0056,Abdullah,Al Zahrani,1/10/2013,Saudi,166,41,Right,Midfielder,Midfielder,Abu Saad,(405)349-3818x68413,bn-ldnshbyb@yahoo.com
P0057,Andrew,Torres,2/6/2011,Botswana,157,52,Left,Midfielder,Goalkeeper,Michael Hill,+1-012-260-9927x727,mrshdlqyl@gmail.com
P0058,David,Ross,11/5/2013,Ukraine,161,69,Right,Defender,Goalkeeper,Frank Fry,001-749-458-6159x63218,rb91@gmail.com
P0059,Turki,Al Subaie,4/21/2014,Saudi,152,56,Left,Midfielder,Forward,Abu Faisal,(972)930-7353x64032,hjrwjdy@ljfly-lrshd.com
P0060,Jason,Vega,9/2/2012,San Marino,177,42,Left,Defender,Goalkeeper,Larry Harrell,001-495-454-3048,al-bn-zfryn@al.com
P0061,Omar,Al Zahrani,3/5/2014,Saudi,159,50,Left,Defender,Forward,Abu Abdullah,(734)307-4316,zknw@yahoo.com
P0062,Khalid,Al Dossari,6/12/2009,Saudi,145,70,Left,Goalkeeper,Defender,Abu Talal,(920)185-4240,frwqal-tf@al.com
P0063,Omar,Al Zahrani,4/16/2011,Saudi,179,75,Right,Midfielder,Forward,Abu Khalid,3177328488,lyal-bn-lfy@bw.com
P0064,Nasser,Al Dossari,12/15/2011,Saudi,169,39,Left,Forward,Goalkeeper,Abu Turki,920.387.1826x7511,mkwy21@shrbtly-hnbwly.net
P0065,Mohammed,Al Saud,1/31/2010,Saudi,165,36,Left,Defender,Midfielder,Abu Turki,(472)624-3620x65260,al-lyshhm@yahoo.com
P0066,Mohammed,Al Mutairi,5/19/2014,Saudi,159,56,Left,Midfielder,Goalkeeper,Abu Faisal,001-853-213-1772x7352,khld68@yahoo.com
P0067,Talal,Al Shammari,8/17/2013,Saudi,140,73,Left,Midfielder,Goalkeeper,Abu Talal,001-071-513-5217,ldbgfrj@gmail.com
P0068,Bandar,Al Harbi,8/17/2011,Saudi,159,46,Right,Defender,Goalkeeper,Abu Turki,245-968-7587x952,lfyfal-swd@gmail.com
P0069,Omar,Al Subaie,5/30/2009,Saudi,172,63,Right,Goalkeeper,Forward,Abu Khalid,249-265-3564x856,nal-bn-lfy@al.net
P0070,Khalid,Al Dossari,6/4/2013,Saudi,175,58,Right,Defender,Defender,Abu Turki,+1-974-910-5468x373,ilkhrfy@llyn-lmgwl.com
P0071,Talal,Al Saud,10/20/2013,Saudi,152,65,Right,Defender,Goalkeeper,Abu Saad,290.876.4411,dly58@bqshn.com
P0072,Faisal,Al Mutairi,1/10/2011,Saudi,162,72,Left,Goalkeeper,Defender,Abu Turki,001-070-492-7434x200,qknw@yahoo.com
P0073,Bandar,Al Shehri,4/29/2011,Saudi,168,62,Right,Goalkeeper,Defender,Abu Khalid,041-451-9091x67832,lm-ldwynbw-dwwd@gmail.com
P0074,Nasser,Al Saud,11/15/2011,Saudi,178,60,Left,Midfielder,Forward,Abu Nasser,690.937.3234x67472,vlhjr@hotmail.com
P0075,Khalid,Al Saud,2/21/2010,Saudi,150,46,Left,Midfielder,Defender,Abu Omar,109.034.0416,lmhn@lhkyr.com
P0076,Khalid,Al Shammari,1/19/2014,Saudi,164,44,Left,Forward,Midfielder,Abu Nasser,001-448-117-9720,sdqylkhrfy@al.com
P0077,Saad,Al Shehri,12/28/2011,Saudi,141,39,Right,Goalkeeper,Goalkeeper,Abu Omar,001-837-552-5621x386,mutywm07@lqyl-bn.org
P0078,Turki,Al Harbi,8/14/2014,Saudi,176,50,Right,Midfielder,Forward,Abu Abdullah,003.391.7903,chnbwly@hotmail.com
P0079,Omar,Al Shehri,4/5/2012,Saudi,175,73,Right,Midfielder,Midfielder,Abu Nasser,934.069.0631,rgb89@hotmail.com
P0080,Turki,Al Harbi,9/28/2013,Saudi,177,73,Right,Goalkeeper,Forward,Abu Abdullah,001-839-394-8044,rjhbqshn@hotmail.com
P0081,Abdullah,Al Harbi,8/12/2013,Saudi,143,66,Right,Defender,Defender,Abu Faisal,(282)207-4751x2778,mhdyljfly@ljln-lmhydb.com
P0082,Bandar,Al Subaie,7/6/2010,Saudi,150,66,Right,Forward,Defender,Abu Saad,474.018.7516x34438,b17@b.org
P0083,Omar,Al Subaie,9/1/2010,Saudi,174,35,Left,Forward,Midfielder,Abu Khalid,524-906-9009x0069,lmhntl@lkhrfy.com
P0084,Abdullah,Al Mutairi,6/3/2009,Saudi,140,71,Left,Forward,Defender,Abu Faisal,024.920.1658x04205,lwrlmhydb@hotmail.com
P0085,Saad,Al Shehri,7/31/2009,Saudi,157,57,Right,Forward,Midfielder,Abu Faisal,(992)325-0641x75656,yd23@yahoo.com
P0086,Omar,Al Mutairi,7/12/2012,Saudi,140,73,Left,Defender,Goalkeeper,Abu Nasser,+1-471-218-0324x04895,dshrbtly@gmail.com
P0087,Khalid,Al Harbi,11/8/2010,Saudi,167,71,Left,Forward,Defender,Abu Turki,404-763-6222x18759,alhjr@al.info
P0088,Turki,Al Shehri,4/10/2015,Saudi,176,64,Right,Defender,Defender,Abu Bandar,(199)267-1929x01328,qnwljln@yahoo.com
P0089,Bandar,Al Qahtani,8/3/2014,Saudi,148,60,Left,Midfielder,Midfielder,Abu Turki,389-791-8304,lmhydbsdwn@gmail.com
P0090,Faisal,Al Otaibi,1/7/2014,Saudi,146,36,Right,Goalkeeper,Goalkeeper,Abu Talal,399.861.2203x31417,al-tftb@lrshd-ljln.com
P0091,Bandar,Al Dossari,8/24/2013,Saudi,150,59,Right,Forward,Goalkeeper,Abu Nasser,309-358-6976,qlqyl@yahoo.com
P0092,Faisal,Al Saud,6/2/2010,Saudi,172,57,Right,Defender,Goalkeeper,Abu Talal,+1-161-408-0123x220,lrshdnwrh@al.com
P0093,Mohammed,Al Harbi,6/2/2014,Saudi,180,38,Right,Forward,Goalkeeper,Abu Faisal,001-992-570-2319x942,hsyn24@knw.com
P0094,Talal,Al Zahrani,6/9/2014,Saudi,176,47,Right,Defender,Midfielder,Abu Abdullah,9485293944,drynhjr@lmhydb.biz
P0095,Talal,Al Shammari,3/7/2012,Saudi,160,56,Left,Midfielder,Midfielder,Abu Turki,7147318684,lkhrfyfd@lshy.com
P0096,Talal,Al Zahrani,3/20/2011,Saudi,166,52,Right,Goalkeeper,Defender,Abu Faisal,(599)583-4683x52625,ljflysyfldwyn@gmail.com
P0097,Khalid,Al Dossari,2/2/2012,Saudi,171,45,Left,Midfielder,Goalkeeper,Abu Bandar,(950)213-9950x7031,mshfq22@gmail.com
P0098,Saad,Al Otaibi,1/26/2010,Saudi,148,70,Left,Forward,Defender,Abu Abdullah,+1-313-329-0994x1843,sbn-ldn@yahoo.com
P0099,Saad,Al Otaibi,1/29/2012,Saudi,173,49,Right,Goalkeeper,Goalkeeper,Abu Khalid,567.273.6239x34953,lmgwlftwh@al.com
P0100,Omar,Al Shammari,1/1/2012,Saudi,145,69,Right,Midfielder,Midfielder,Abu Bandar,182.894.2061,ylmshwl@yahoo.com
P0101,Nasser,Al Dossari,10/20/2010,Saudi,160,42,Right,Midfielder,Goalkeeper,Abu Faisal,001-074-333-3360x4874,snmbw-dwwd@gmail.com
P0102,Faisal,Al Dossari,7/29/2012,Saudi,163,43,Right,Midfielder,Goalkeeper,Abu Turki,(599)819-4518,gldbg@llyn.com
P0103,Nasser,Al Otaibi,7/5/2012,Saudi,157,61,Right,Midfielder,Forward,Abu Omar,-5524,smy65@knw.com
P0104,Omar,Al Mutairi,12/4/2013,Saudi,146,52,Left,Forward,Forward,Abu Nasser,+1-977-471-0310x766,bd-lswmdlmhn@hotmail.com
P0105,Omar,Al Shammari,3/10/2010,Saudi,156,41,Left,Forward,Midfielder,Abu Omar,364-863-9473x7158,shfbqshn@ljfly.com
P0106,John,Baker,4/5/2015,Puerto Rico,154,50,Right,Midfielder,Goalkeeper,Alexander Jones,195.739.5071x989,rwy08@hotmail.com
P0107,Nasser,Al Zahrani,11/7/2011,Saudi,156,45,Left,Goalkeeper,Defender,Abu Talal,(572)202-5274x09496,btl71@hnbwly.com
P0108,Khalid,Al Shehri,1/25/2013,Saudi,142,69,Left,Defender,Forward,Abu Nasser,650-076-8749,nm78@gmail.com
P0109,Omar,Al Subaie,1/30/2015,Saudi,152,67,Left,Defender,Defender,Abu Omar,(322)899-6652x275,ftkr80@gmail.com
P0110,Turki,Al Otaibi,7/22/2011,Saudi,167,70,Left,Midfielder,Midfielder,Abu Faisal,001-152-932-6041x5338,nsyfal-lshykh@hotmail.com
P0111,Talal,Al Saud,9/22/2011,Saudi,158,53,Right,Goalkeeper,Forward,Abu Khalid,+1-156-142-2239x904,shrbtlyshyb@al.biz
P0112,Turki,Al Qahtani,5/23/2009,Saudi,174,72,Right,Defender,Goalkeeper,Abu Faisal,+1-116-738-8128x45993,elhjr@b.info
P0113,Bandar,Al Zahrani,7/21/2013,Saudi,162,62,Left,Forward,Defender,Abu Omar,3216601901,bd-lqhwrbw-dwwd@lmshwl-al.com
P0114,Mohammed,Al Shammari,3/31/2012,Saudi,148,64,Left,Midfielder,Defender,Abu Talal,579-858-9775,rjhlrshd@yahoo.com
P0115,Christopher,Dixon,4/28/2013,Solomon Islands,169,60,Left,Forward,Forward,Christopher Richards,(977)198-3125x57765,hlmhydb@al.com
P0116,Omar,Al Harbi,9/21/2014,Saudi,158,37,Left,Defender,Goalkeeper,Abu Abdullah,+1-148-211-1334x764,al-hsynsmt@al.com
P0117,Talal,Al Zahrani,7/25/2012,Saudi,144,42,Left,Midfielder,Forward,Abu Omar,744-391-4139x617,lmhnjsm@gmail.com
P0118,Faisal,Al Otaibi,2/22/2014,Saudi,167,75,Left,Defender,Defender,Abu Khalid,269.194.5353,lqmnlhkyr@lqyl-al.com
P0119,Khalid,Al Subaie,12/7/2013,Saudi,166,68,Left,Midfielder,Midfielder,Abu Nasser,835.368.2587x0276,srrlhjr@hotmail.com
P0120,Omar,Al Subaie,8/7/2012,Saudi,146,42,Right,Forward,Forward,Abu Omar,7658175181,hbw-dwwd@b.com
P0121,Saad,Al Subaie,10/15/2010,Saudi,155,62,Right,Midfielder,Forward,Abu Nasser,(970)095-3749,hsyn66@yahoo.com
P0122,Omar,Al Zahrani,10/3/2010,Saudi,141,56,Right,Defender,Forward,Abu Khalid,006.099.3409,dal-jfr@hotmail.com
P0123,Omar,Al Shammari,2/16/2010,Saudi,155,41,Right,Goalkeeper,Goalkeeper,Abu Saad,987.514.5605x0450,mrtjylhkyr@hotmail.com
P0124,Nasser,Al Harbi,5/5/2011,Saudi,179,40,Right,Defender,Goalkeeper,Abu Turki,231.993.9304,wal-khdyr@lmhydb.com
P0125,Khalid,Al Dossari,5/19/2010,Saudi,161,49,Left,Forward,Defender,Abu Turki,819-789-5870x85773,tbwal-sltn@al.com
P0126,Faisal,Al Shehri,6/10/2010,Saudi,168,43,Right,Defender,Goalkeeper,Abu Saad,001-056-399-9229x4241,zwldwynal-khdyr@hotmail.com
P0127,Perry,Clark,6/8/2014,Liechtenstein,157,56,Left,Goalkeeper,Defender,James Gonzalez,001-954-837-1717,shdn55@fsyl-bw.info
P0128,Bandar,Al Qahtani,12/7/2011,Saudi,160,75,Right,Forward,Forward,Abu Talal,+1-359-031-8535x65098,al-wdflh@hotmail.com
P0129,Brian,Mercado,8/24/2013,Korea,164,47,Right,Goalkeeper,Forward,Ryan Norman,255725903,mrtqyldbg@gmail.com
P0130,Turki,Al Qahtani,2/20/2014,Saudi,178,36,Right,Forward,Defender,Abu Talal,+1-013-686-3103x0280,bd-lhfyz66@al.biz
P0131,Talal,Al Shehri,4/25/2009,Saudi,145,43,Right,Forward,Midfielder,Abu Turki,862-218-0454x9073,qal-swd@lhjr-al.com
P0132,Omar,Al Zahrani,9/3/2010,Saudi,163,50,Right,Midfielder,Goalkeeper,Abu Khalid,888.038.1083x393,sbhy36@shrbtly-al.com
P0133,Nasser,Al Shehri,10/10/2013,Saudi,180,75,Left,Defender,Defender,Abu Bandar,(945)484-4213,dhwk53@knw.com
P0134,Omar,Al Mutairi,7/31/2009,Saudi,180,59,Right,Midfielder,Goalkeeper,Abu Nasser,001-956-405-0185x04219,obw-dwwd@al.com
P0135,Khalid,Al Harbi,1/19/2015,Saudi,140,45,Right,Defender,Forward,Abu Abdullah,043-040-6790,shdwdal-myd@al.com
P0136,Bandar,Al Harbi,5/5/2009,Saudi,154,49,Left,Forward,Forward,Abu Bandar,(626)692-6667x38827,kflmshwl@fsyl.com
P0137,Turki,Al Subaie,11/12/2010,Saudi,163,69,Left,Goalkeeper,Defender,Abu Turki,+1-523-082-1582x9019,ksr10@al.info
P0138,Khalid,Al Mutairi,7/8/2013,Saudi,153,49,Right,Midfielder,Defender,Abu Turki,(220)307-4732x601,zhrbw-dwwd@al.org
P0139,Turki,Al Otaibi,9/28/2010,Saudi,175,40,Left,Goalkeeper,Goalkeeper,Abu Turki,001-461-445-1006x4815,jl05@al.com
P0140,Faisal,Al Shehri,3/4/2014,Saudi,179,75,Left,Midfielder,Midfielder,Abu Turki,(937)517-6678,bdal-khdyr@al.org
P0141,Omar,Al Saud,3/8/2013,Saudi,175,53,Left,Defender,Goalkeeper,Abu Faisal,1804632415,lhjr@ljfly.biz
P0142,Omar,Al Dossari,7/1/2010,Saudi,155,60,Left,Forward,Defender,Abu Omar,001-748-639-6600x36454,mhmwdal-yd@yahoo.com
P0143,Talal,Al Mutairi,9/5/2010,Saudi,176,51,Left,Goalkeeper,Goalkeeper,Abu Abdullah,+1-520-899-0444x447,hmdlmhydb@bqshn.org
P0144,Talal,Al Shammari,12/29/2010,Saudi,177,54,Left,Defender,Goalkeeper,Abu Saad,001-398-668-3501x6617,qysljfly@gmail.com
P0145,Turki,Al Mutairi,9/11/2011,Saudi,140,41,Left,Defender,Midfielder,Abu Talal,576.996.4952,slfllyn@al.com
P0146,Bandar,Al Zahrani,8/5/2013,Saudi,140,36,Right,Forward,Goalkeeper,Abu Khalid,(163)648-4726,shr17@al.com
P0147,Talal,Al Harbi,10/2/2009,Saudi,141,66,Right,Forward,Forward,Abu Turki,776.228.9773x4478,lrshddhyb@bw.biz
P0148,Faisal,Al Zahrani,8/31/2011,Saudi,156,47,Left,Goalkeeper,Goalkeeper,Abu Talal,001-046-302-0536x7568,lfsyl@hnbwly.org
P0149,Nasser,Al Saud,5/6/2014,Saudi,140,71,Left,Defender,Forward,Abu Nasser,8133637601,hnbwlyrwwf@hnbwly.biz
P0150,Saad,Al Zahrani,5/23/2012,Saudi,149,59,Left,Forward,Forward,Abu Khalid,001-244-085-0815x3011,myrshrbtly@shrbtly.info
P0151,Omar,Al Qahtani,9/1/2009,Saudi,154,46,Left,Goalkeeper,Forward,Abu Talal,(555)452-4922x155,plshy@al.com
P0152,Talal,Al Subaie,7/23/2012,Saudi,145,46,Right,Forward,Forward,Abu Abdullah,-8918,sdr-ldwynal-qsyr@yahoo.com
P0153,Charles,Johnson,2/9/2011,Solomon Islands,161,58,Right,Goalkeeper,Forward,Cesar Moran,(042)623-9483x98861,mshry12@yahoo.com
P0154,Saad,Al Qahtani,5/7/2014,Saudi,158,65,Right,Forward,Forward,Abu Nasser,799-195-9398,nsr-ldwyn65@al.com
P0155,Christopher,Dean,7/29/2009,Poland,179,75,Left,Defender,Forward,Phillip Gray,465.480.7293,lrshdsbry@yahoo.com
P0156,Abdullah,Al Subaie,8/7/2012,Saudi,168,74,Right,Forward,Forward,Abu Faisal,914-639-4642,yllyn@yahoo.com
P0157,Omar,Al Qahtani,7/28/2011,Saudi,171,35,Left,Midfielder,Midfielder,Abu Omar,(010)970-9714,jwdyljbr@hjr-shrbtly.biz
P0158,Mohammed,Al Harbi,11/8/2014,Saudi,154,42,Right,Goalkeeper,Goalkeeper,Abu Turki,(273)656-2176x5717,ual-qsyr@lshy.com
P0159,Faisal,Al Shehri,5/25/2013,Saudi,178,37,Left,Defender,Defender,Abu Talal,086-510-3116,smyr72@yahoo.com
P0160,Abdullah,Al Qahtani,6/2/2009,Saudi,156,48,Right,Goalkeeper,Defender,Abu Khalid,+1-953-357-9224x4443,smwhshrbtly@yahoo.com
P0161,Abdullah,Al Dossari,10/13/2011,Saudi,165,70,Right,Forward,Defender,Abu Omar,(569)385-6190,ibw-dwwd@al.info
P0162,Faisal,Al Otaibi,4/8/2010,Saudi,140,51,Left,Forward,Defender,Abu Talal,001-471-169-3478x79461,mjd06@knw.biz
P0163,Bandar,Al Mutairi,8/7/2009,Saudi,177,56,Left,Forward,Midfielder,Abu Talal,+1-191-943-7789x954,ftyn90@yahoo.com
P0164,Faisal,Al Mutairi,4/20/2010,Saudi,173,50,Left,Defender,Goalkeeper,Abu Omar,654-983-5863x371,lrshdmythq@bw.org
P0165,Mohammed,Al Mutairi,2/27/2012,Saudi,173,47,Right,Midfielder,Defender,Abu Talal,001-467-545-4812x6966,fthylqyl@al.com
P0166,Nasser,Al Harbi,7/6/2012,Saudi,174,55,Right,Midfielder,Goalkeeper,Abu Turki,119-140-8966x1914,al-hsynmursy@hotmail.com
P0167,Mohammed,Al Shammari,1/7/2011,Saudi,167,46,Left,Forward,Midfielder,Abu Turki,094-014-0235x33513,b22@lmgwl.net
P0168,Abdullah,Al Dossari,3/13/2010,Saudi,158,56,Left,Midfielder,Goalkeeper,Abu Faisal,186.475.1214x05469,al-bn-zfrhkym@yahoo.com
P0169,Talal,Al Harbi,6/19/2010,Saudi,146,43,Left,Midfielder,Defender,Abu Turki,235-567-8027x9824,jlmgwl@al.com
P0170,Saad,Al Shehri,2/15/2013,Saudi,174,45,Right,Defender,Midfielder,Abu Nasser,8323517450,al-mqtnsr@bw.org
P0171,Turki,Al Dossari,8/13/2010,Saudi,151,61,Left,Defender,Forward,Abu Abdullah,(778)300-6027,mrshd02@lhkyr-al.com
P0172,Mohammed,Al Otaibi,8/15/2012,Saudi,176,36,Right,Defender,Forward,Abu Talal,943-423-4301,khjr@lmhydb-lrshd.com
P0173,Abdullah,Al Qahtani,7/22/2010,Saudi,163,56,Right,Forward,Forward,Abu Talal,574.654.0683x31896,ryjlhjr@mhn-hnbwly.com
P0174,Saad,Al Mutairi,5/5/2014,Saudi,152,58,Left,Midfielder,Midfielder,Abu Talal,001-253-849-9852x057,rzylqyl@al.org
P0175,Saad,Al Shehri,9/12/2010,Saudi,151,73,Right,Defender,Forward,Abu Nasser,4497608316,sdhal-lskry@yahoo.com
P0176,Mohammed,Al Zahrani,8/10/2011,Saudi,175,75,Right,Midfielder,Forward,Abu Bandar,557.891.7730x915,zal-mqt@yahoo.com
P0177,Omar,Al Mutairi,10/6/2013,Saudi,156,63,Right,Goalkeeper,Goalkeeper,Abu Omar,+1-162-782-2321x334,al-lshykhmundl@ljbr-b.org
P0178,Saad,Al Qahtani,10/29/2012,Saudi,160,44,Left,Midfielder,Forward,Abu Bandar,097-452-5020x0062,dal-lshykh@lmhn.com
P0179,Mohammed,Al Subaie,6/10/2010,Saudi,145,58,Left,Forward,Forward,Abu Bandar,001-213-819-4302x616,slf65@al.org
P0180,Mohammed,Al Subaie,6/25/2010,Saudi,166,48,Right,Midfielder,Goalkeeper,Abu Talal,8286318566,ulmshwl@hotmail.com
P0181,Shawn,Vasquez,1/20/2010,United States of America,167,72,Right,Defender,Forward,Steven Rogers,7110306029,al-jfrjyln@yahoo.com
P0182,Bandar,Al Otaibi,1/21/2010,Saudi,168,61,Right,Defender,Goalkeeper,Abu Khalid,001-365-349-7326x831,ljbrsfyr@al.com
P0183,Turki,Al Mutairi,10/10/2012,Saudi,152,62,Right,Midfielder,Goalkeeper,Abu Nasser,(192)041-5122x014,zhnbwly@gmail.com
P0184,Bandar,Al Zahrani,6/14/2010,Saudi,171,66,Left,Goalkeeper,Goalkeeper,Abu Faisal,001-120-284-4384x5564,lynmhn@llyn.biz
P0185,Bandar,Al Saud,4/9/2014,Saudi,151,45,Left,Defender,Goalkeeper,Abu Abdullah,001-573-233-1043x08494,mnybb-lkhyl@gmail.com
P0186,Abdullah,Al Otaibi,8/11/2012,Saudi,164,49,Right,Forward,Defender,Abu Faisal,967-773-4379x84643,oknw@hjr.org
P0187,Sean,Robinson,6/6/2009,Estonia,169,55,Left,Forward,Midfielder,Brian Stewart,(874)060-4087x2262,smtlkhrfy@hotmail.com
P0188,Faisal,Al Zahrani,3/9/2015,Saudi,141,66,Right,Forward,Midfielder,Abu Turki,(334)444-5765,rmz19@hotmail.com
P0189,Mohammed,Al Dossari,4/23/2014,Saudi,158,74,Left,Midfielder,Defender,Abu Bandar,(788)658-9069,hsnylqyl@yahoo.com
P0190,Khalid,Al Shehri,8/10/2013,Saudi,178,59,Right,Forward,Midfielder,Abu Omar,256.199.3302,dwy44@ljbr.com
P0191,Turki,Al Saud,11/23/2011,Saudi,164,71,Left,Forward,Goalkeeper,Abu Saad,-3894,rbyal-sltn@gmail.com
P0192,Khalid,Al Saud,7/19/2009,Saudi,148,36,Left,Goalkeeper,Forward,Abu Talal,756.604.5437,bd-lgfwral-myd@al.info
P0193,Nasser,Al Shehri,4/14/2011,Saudi,149,53,Left,Forward,Goalkeeper,Abu Talal,+1-181-446-6578x194,ial-qsyr@knw.com
P0194,Mohammed,Al Otaibi,6/20/2012,Saudi,178,50,Left,Midfielder,Midfielder,Abu Talal,556.881.8282,bd-lswlmlshy@gmail.com
P0195,Abdullah,Al Subaie,6/26/2009,Saudi,169,37,Left,Midfielder,Forward,Abu Khalid,5021070769,eal-myd@hotmail.com
P0196,Mohammed,Al Otaibi,2/5/2013,Saudi,167,41,Left,Forward,Midfielder,Abu Omar,874-818-6956x3143,qlshy@lmshwl.org
P0197,Omar,Al Harbi,7/31/2009,Saudi,153,54,Right,Midfielder,Forward,Abu Bandar,001-178-213-8332,al-ydsbwr@al.com
P0198,Nasser,Al Subaie,4/9/2013,Saudi,176,72,Right,Defender,Defender,Abu Talal,(616)643-1601,musflmgwl@gmail.com
P0199,Talal,Al Harbi,3/9/2013,Saudi,156,71,Left,Forward,Midfielder,Abu Turki,233-115-7105x910,mutywm12@lhjr.com
P0200,Khalid,Al Zahrani,4/16/2011,Saudi,176,58,Right,Goalkeeper,Forward,Abu Turki,379-730-0354x404,rynlkhrfy@gmail.com
P0201,Faisal,Al Otaibi,5/30/2013,Saudi,178,70,Left,Defender,Defender,Abu Abdullah,069.708.6359,sydb-lkhyl@lqyl.com
P0202,Nasser,Al Subaie,9/1/2011,Saudi,167,73,Left,Forward,Midfielder,Abu Faisal,(746)878-1646,xal-hsyn@yahoo.com
P0203,Faisal,Al Subaie,12/21/2010,Saudi,166,40,Left,Forward,Midfielder,Abu Abdullah,(050)934-4025x782,dljbr@bqshn.com
P0204,Khalid,Al Shehri,8/9/2013,Saudi,148,59,Left,Defender,Forward,Abu Omar,315-639-5128,mhnmutywm@bw.org
P0205,Saad,Al Subaie,6/22/2011,Saudi,173,72,Left,Defender,Defender,Abu Saad,9138593885,thmnal-wd@al.com
P0206,Faisal,Al Dossari,5/14/2013,Saudi,152,48,Left,Goalkeeper,Midfielder,Abu Abdullah,328-261-1872x192,bwsldbg@al.com
P0207,Saad,Al Harbi,1/17/2015,Saudi,145,37,Left,Midfielder,Goalkeeper,Abu Nasser,790-377-7026x114,bw-dwwdwthq@gmail.com
P0208,Bandar,Al Zahrani,2/4/2013,Saudi,147,61,Right,Forward,Defender,Abu Abdullah,001-965-289-0054x003,blmal-lskry@al.info
P0209,Omar,Al Shammari,1/16/2012,Saudi,148,52,Right,Midfielder,Midfielder,Abu Khalid,001-231-846-1398x00684,cbw-dwwd@gmail.com
P0210,Daniel,Blankenship,2/3/2015,Kuwait,164,62,Right,Midfielder,Defender,Phillip Miller,(085)769-9217,bn-ldnyzyd@ldbg-al.com
P0211,Michael,Gamble,1/5/2015,Vanuatu,157,61,Right,Defender,Forward,Andrew Rice,+1-667-181-3053x00179,muslhal-tf@gmail.com
P0212,Khalid,Al Dossari,12/10/2010,Saudi,180,56,Left,Midfielder,Goalkeeper,Abu Faisal,+1-650-270-9133x93765,mwmn10@hotmail.com
P0213,Omar,Al Mutairi,9/23/2012,Saudi,176,38,Right,Forward,Goalkeeper,Abu Nasser,001-265-048-6926,dal-wd@al.com
P0214,Nasser,Al Qahtani,5/13/2010,Saudi,142,41,Left,Forward,Defender,Abu Turki,+1-610-240-9284x188,lqylhmd@yahoo.com
P0215,Omar,Al Otaibi,12/12/2013,Saudi,146,50,Left,Defender,Defender,Abu Omar,(756)149-1247,smd30@gmail.com
P0216,Bandar,Al Shehri,5/4/2010,Saudi,149,55,Right,Midfielder,Midfielder,Abu Nasser,666-725-2642,ljbrsfyn@yahoo.com
P0217,Nasser,Al Mutairi,1/23/2010,Saudi,176,38,Left,Goalkeeper,Midfielder,Abu Saad,(994)183-1873,lwn81@al.com
P0218,Omar,Al Otaibi,5/21/2012,Saudi,155,48,Right,Forward,Midfielder,Abu Omar,(954)493-6157,rsmy67@yahoo.com
P0219,Faisal,Al Subaie,3/27/2015,Saudi,146,63,Left,Midfielder,Goalkeeper,Abu Nasser,968-282-4629x616,sb-lkhyl@shrbtly.info
P0220,Khalid,Al Qahtani,10/3/2009,Saudi,170,47,Left,Midfielder,Midfielder,Abu Turki,870.021.6748,bd-llymal-qsyr@hotmail.com
P0221,Talal,Al Saud,2/21/2014,Saudi,165,57,Left,Forward,Goalkeeper,Abu Nasser,(790)090-4601x5684,al-hsynkhld@al.info
P0222,Turki,Al Qahtani,2/11/2013,Saudi,178,69,Left,Defender,Midfielder,Abu Nasser,469.104.8726,fkhry26@hotmail.com
P0223,Khalid,Al Shehri,12/12/2012,Saudi,162,71,Left,Defender,Forward,Abu Saad,5378811724,mhnwsm@gmail.com
P0224,Faisal,Al Saud,8/16/2010,Saudi,153,60,Right,Forward,Forward,Abu Abdullah,370.305.7451x153,ldbgnwrh@bqshn.org
P0225,Mohammed,Al Zahrani,6/4/2011,Saudi,142,62,Right,Defender,Defender,Abu Turki,001-144-082-9290,al-bn-lfyzhdy@lmhn-al.org
P0226,Saad,Al Subaie,1/22/2013,Saudi,179,54,Left,Forward,Defender,Abu Khalid,237-320-0451,tal-mhmd-bn-ly-bn-jmz@shrbtly-al.info
P0227,Ryan,Brown,2/3/2013,Antarctica (the territory South of 60 deg S),164,41,Left,Forward,Defender,Angel Ellis,972.666.7921x424,bw-dwwdryfl@yahoo.com
P0228,Nasser,Al Harbi,7/26/2013,Saudi,142,38,Left,Defender,Defender,Abu Faisal,001-343-662-6938x79091,jwn27@lhkyr.com
P0229,Faisal,Al Qahtani,9/23/2012,Saudi,173,75,Right,Defender,Midfielder,Abu Talal,001-692-384-1935,val-lshykh@al.com
P0230,Mohammed,Al Zahrani,4/20/2015,Saudi,166,52,Right,Defender,Midfielder,Abu Bandar,4499381424,cal-yd@lkhrfy-al.com
P0231,Abdullah,Al Shammari,6/24/2009,Saudi,149,70,Right,Midfielder,Goalkeeper,Abu Omar,211.207.6939x688,bljfly@gmail.com
P0232,Larry,Escobar,9/20/2009,Moldova,156,60,Right,Defender,Goalkeeper,Paul Harmon,656.178.9469x03267,al-mhmd-bn-ly-bn-jmzhn@al.com
P0233,Abdullah,Al Shehri,4/6/2012,Saudi,154,43,Left,Goalkeeper,Defender,Abu Saad,+1-607-785-8620x9213,mutywm97@al.com
P0234,Mohammed,Al Subaie,3/22/2011,Saudi,147,44,Left,Goalkeeper,Goalkeeper,Abu Saad,075.892.6121x54584,fal-bn-zfr@al.info
P0235,Mohammed,Al Mutairi,5/14/2014,Saudi,152,70,Right,Goalkeeper,Midfielder,Abu Bandar,5121433898,al-ydrynd@hotmail.com
P0236,Saad,Al Zahrani,3/15/2011,Saudi,176,43,Right,Forward,Goalkeeper,Abu Saad,165-374-8783x9389,zbyr15@lshy.info
P0237,Khalid,Al Shammari,12/31/2014,Saudi,169,73,Left,Forward,Midfielder,Abu Khalid,(119)250-8710,al-ydkhyry@lmhn.com
P0238,Talal,Al Zahrani,9/4/2011,Saudi,159,69,Right,Forward,Forward,Abu Bandar,(191)743-4729,hal-lshykh@hotmail.com
P0239,Mohammed,Al Shammari,6/14/2010,Saudi,172,62,Left,Forward,Goalkeeper,Abu Talal,+1-419-156-8471x3298,bw-dwwdtf@al.org
P0240,Saad,Al Saud,5/3/2013,Saudi,160,48,Right,Forward,Forward,Abu Turki,001-769-529-7493,zyd94@al.com
P0241,Faisal,Al Qahtani,12/14/2013,Saudi,155,61,Right,Forward,Midfielder,Abu Saad,(766)599-8700,ljbrbd-ljbwr@hjr-llyn.net
P0242,Omar,Al Dossari,7/14/2011,Saudi,169,50,Left,Forward,Goalkeeper,Abu Bandar,001-941-251-0859x353,wfyqal-qsyr@al.biz
P0243,Faisal,Al Dossari,6/26/2011,Saudi,177,65,Left,Defender,Midfielder,Abu Nasser,337.643.5642x299,hjral-myd@mhn-lkhrfy.com
P0244,Talal,Al Shammari,12/7/2014,Saudi,173,52,Left,Defender,Goalkeeper,Abu Omar,060.210.4143,rshyd92@gmail.com
P0245,Nasser,Al Subaie,11/7/2011,Saudi,141,73,Right,Defender,Goalkeeper,Abu Khalid,(588)503-3364,pal-mhmd-bn-ly-bn-jmz@lrshd.com
P0246,Talal,Al Zahrani,11/26/2011,Saudi,167,59,Right,Forward,Goalkeeper,Abu Saad,001-257-638-3047x85636,nwllmhydb@yahoo.com
P0247,Bandar,Al Mutairi,7/29/2011,Saudi,176,72,Right,Defender,Defender,Abu Faisal,(149)240-0490,shmkh08@al.com
P0248,Saad,Al Shammari,2/18/2010,Saudi,179,70,Right,Midfielder,Forward,Abu Turki,499.918.2454x460,qmhn@knw-al.com
P0249,Talal,Al Shehri,6/14/2010,Saudi,172,53,Left,Midfielder,Defender,Abu Khalid,001-551-518-7584x6822,wal-yd@llyn-ldbg.com
P0250,Omar,Al Dossari,8/7/2009,Saudi,179,47,Right,Midfielder,Defender,Abu Turki,001-150-750-8322x824,mhnbwly@yahoo.com
P0251,Faisal,Al Qahtani,11/9/2014,Saudi,141,63,Left,Forward,Defender,Abu Bandar,143.626.6156x0196,nhdal-qsyr@yahoo.com
P0252,Khalid,Al Mutairi,9/26/2014,Saudi,179,45,Right,Midfielder,Defender,Abu Nasser,701-016-5774x79906,fbqshn@gmail.com
P0253,Nasser,Al Mutairi,4/15/2013,Saudi,162,40,Left,Defender,Goalkeeper,Abu Khalid,337.884.3169,al-rfyltyn@bn.com
P0254,Turki,Al Otaibi,2/22/2011,Saudi,154,51,Left,Defender,Goalkeeper,Abu Turki,792.516.5274,ldbgmymwn@al.com
P0255,Abdullah,Al Zahrani,5/1/2013,Saudi,171,45,Right,Defender,Defender,Abu Khalid,+1-307-889-9805x8833,wrydlshy@gmail.com
P0256,Nasser,Al Saud,5/21/2010,Saudi,180,70,Left,Forward,Forward,Abu Faisal,(825)877-4698,hykllhjr@gmail.com
P0257,Talal,Al Subaie,12/30/2010,Saudi,178,38,Left,Forward,Defender,Abu Talal,021-167-5416,mqdmljfly@gmail.com
P0258,Khalid,Al Shehri,1/2/2012,Saudi,178,72,Right,Defender,Goalkeeper,Abu Bandar,(140)640-2329x1232,mutz95@yahoo.com
P0259,Talal,Al Zahrani,12/27/2014,Saudi,170,57,Left,Goalkeeper,Midfielder,Abu Faisal,555.123.0442,lwm08@b.com
P0260,Nasser,Al Otaibi,10/15/2013,Saudi,173,46,Right,Goalkeeper,Midfielder,Abu Saad,613.435.8229x5711,slmknw@gmail.com
P0261,Bandar,Al Dossari,6/4/2013,Saudi,174,72,Right,Defender,Midfielder,Abu Omar,411-151-5282,drgmal-hsyn@yahoo.com
P0262,Abdullah,Al Shehri,2/18/2011,Saudi,163,51,Left,Forward,Forward,Abu Faisal,(224)583-7324,hmwd84@lkhrfy.info
P0263,Khalid,Al Zahrani,3/3/2013,Saudi,163,43,Right,Goalkeeper,Defender,Abu Turki,(077)805-0363x339,mal-khdyr@yahoo.com
P0264,Mohammed,Al Mutairi,11/29/2011,Saudi,146,44,Right,Forward,Goalkeeper,Abu Nasser,(535)515-5062x3362,al-khdyryqyn@lmhn-al.com
P0265,Omar,Al Subaie,8/24/2013,Saudi,156,57,Left,Forward,Defender,Abu Omar,-2428,rhyb39@hotmail.com
P0266,Bandar,Al Harbi,6/1/2013,Saudi,144,61,Right,Goalkeeper,Goalkeeper,Abu Turki,+1-647-236-9528x58759,shln07@ljln.org
P0267,Faisal,Al Dossari,12/8/2012,Saudi,146,64,Right,Goalkeeper,Midfielder,Abu Talal,720.793.0177,oal-mhmd-bn-ly-bn-jmz@hotmail.com
P0268,Turki,Al Shehri,7/10/2013,Saudi,175,37,Left,Goalkeeper,Forward,Abu Turki,(184)009-4764x402,pbw-dwwd@gmail.com
P0269,Talal,Al Zahrani,1/19/2015,Saudi,145,75,Left,Forward,Midfielder,Abu Turki,383-692-0333x88887,al-mqtflh@hotmail.com
P0270,Khalid,Al Otaibi,9/3/2012,Saudi,142,49,Left,Goalkeeper,Midfielder,Abu Omar,552.552.6803x098,al-qsyrrfh@ljln.com
P0271,Mohammed,Al Shammari,2/18/2015,Saudi,142,47,Left,Midfielder,Forward,Abu Turki,(109)299-9480x46958,zhrlkhrfy@yahoo.com
P0272,Faisal,Al Zahrani,12/1/2010,Saudi,163,53,Left,Midfielder,Defender,Abu Khalid,127-943-7247x5873,al-lshykhhzr@hotmail.com
P0273,Saad,Al Saud,10/13/2014,Saudi,159,48,Left,Forward,Defender,Abu Turki,(900)706-5604x210,lbqshn@gmail.com
P0274,Nasser,Al Mutairi,11/23/2010,Saudi,167,70,Right,Midfielder,Defender,Abu Turki,(569)915-2575,mrdybw-dwwd@gmail.com
P0275,Turki,Al Shehri,7/26/2013,Saudi,154,52,Left,Forward,Midfielder,Abu Khalid,001-193-603-2932,mfydal-jfr@gmail.com
P0276,Talal,Al Mutairi,3/11/2015,Saudi,160,48,Right,Goalkeeper,Goalkeeper,Abu Omar,779-086-0225,wsf84@yahoo.com
P0277,Saad,Al Mutairi,12/21/2009,Saudi,152,67,Right,Defender,Goalkeeper,Abu Bandar,408.480.3855,lmhnhmm@hotmail.com
P0278,Turki,Al Shammari,1/9/2015,Saudi,153,52,Right,Midfielder,Goalkeeper,Abu Omar,001-302-396-4836x974,bd-lqdr59@hotmail.com
P0279,Khalid,Al Shehri,5/16/2014,Saudi,145,49,Left,Goalkeeper,Goalkeeper,Abu Abdullah,001-037-863-2686x899,yzyd63@yahoo.com
P0280,Nasser,Al Shehri,1/19/2011,Saudi,141,44,Left,Forward,Defender,Abu Turki,001-591-725-3535x29602,mqdm68@yahoo.com
P0281,Mohammed,Al Qahtani,1/15/2014,Saudi,159,66,Left,Defender,Forward,Abu Bandar,(002)175-0394x23874,bthj26@yahoo.com
P0282,Abdullah,Al Dossari,5/1/2009,Saudi,169,58,Right,Defender,Defender,Abu Abdullah,+1-589-098-1353x939,mhnmwr@ljln.com
P0283,Khalid,Al Otaibi,3/31/2015,Saudi,169,47,Left,Forward,Defender,Abu Turki,001-717-280-8920x0695,rstmhjr@al.info
P0284,Omar,Al Subaie,10/2/2014,Saudi,144,73,Left,Midfielder,Goalkeeper,Abu Abdullah,001-697-165-6713,shf73@yahoo.com
P0285,Turki,Al Saud,3/19/2010,Saudi,175,60,Left,Midfielder,Midfielder,Abu Omar,226-437-6299x2811,zbylhkyr@al.com
P0286,Jerry,Zimmerman,12/2/2014,France,173,64,Right,Goalkeeper,Forward,Seth Dawson,001-324-007-2663x24229,tmdbw-dwwd@al.net
P0287,Erik,Khan,7/5/2012,Finland,151,40,Left,Goalkeeper,Midfielder,Jimmy Burton,761.833.5131x58556,bdllh38@hotmail.com
P0288,Omar,Al Mutairi,10/23/2010,Saudi,166,38,Right,Forward,Forward,Abu Faisal,579-286-8525,al-jfrdhy@gmail.com
P0289,Bandar,Al Harbi,4/28/2010,Saudi,167,72,Right,Goalkeeper,Defender,Abu Khalid,-7241,mswd28@yahoo.com
P0290,Omar,Al Mutairi,1/10/2013,Saudi,169,70,Left,Goalkeeper,Defender,Abu Faisal,+1-528-495-0574x4458,mlhmal-bn-zfr@hotmail.com
P0291,Nasser,Al Subaie,4/21/2015,Saudi,153,61,Left,Forward,Goalkeeper,Abu Talal,9630468936,xlrshd@al.biz
P0292,Abdullah,Al Harbi,9/7/2013,Saudi,170,58,Right,Forward,Midfielder,Abu Khalid,502.646.5265x23592,nmnal-sfwn@hotmail.com
P0293,Faisal,Al Qahtani,7/27/2013,Saudi,173,53,Right,Midfielder,Defender,Abu Khalid,473-835-7811x368,hmz56@gmail.com
P0294,Abdullah,Al Shehri,1/9/2010,Saudi,177,69,Left,Goalkeeper,Forward,Abu Omar,+1-722-160-7977x1481,shhm41@yahoo.com
P0295,Saad,Al Saud,8/25/2010,Saudi,167,57,Left,Goalkeeper,Defender,Abu Faisal,+1-732-999-4856x99237,mzhral-yd@bw.com
P0296,Saad,Al Shammari,9/29/2014,Saudi,142,37,Right,Goalkeeper,Defender,Abu Nasser,7976256017,ysrlkhrfy@lmhydb-lkhrfy.com
P0297,Saad,Al Subaie,4/21/2013,Saudi,164,65,Right,Defender,Forward,Abu Nasser,001-212-033-6629x324,lmhnbtsm@al.com
P0298,Matthew,Norton,12/27/2011,Wallis and Futuna,151,65,Right,Defender,Defender,Devin Austin,(502)610-9638x3014,frs32@hotmail.com
P0299,Omar,Al Mutairi,7/24/2014,Saudi,149,63,Right,Midfielder,Midfielder,Abu Faisal,336-313-8989x30638,nyzybw-dwwd@hotmail.com
P0300,Nasser,Al Zahrani,8/10/2012,Saudi,174,36,Right,Goalkeeper,Goalkeeper,Abu Khalid,(335)588-7339,yllyn@al.net
P0301,Mohammed,Al Subaie,1/4/2010,Saudi,144,38,Right,Defender,Midfielder,Abu Omar,001-498-375-2974x77173,yd30@yahoo.com
P0302,David,Coleman,3/5/2015,Bahamas,165,51,Right,Goalkeeper,Forward,Brent Taylor,(224)193-7570x939,al-khdyrnf@gmail.com
P0303,Turki,Al Harbi,2/20/2010,Saudi,146,70,Right,Defender,Forward,Abu Bandar,132-361-1863x035,hydr87@hotmail.com
P0304,Talal,Al Dossari,5/28/2013,Saudi,180,68,Right,Midfielder,Forward,Abu Omar,001-615-826-2952x42339,skhr72@al.com
P0305,Omar,Al Subaie,6/26/2014,Saudi,150,46,Left,Defender,Defender,Abu Talal,065.536.2254,sb-lkhyl@gmail.com
P0306,Mohammed,Al Dossari,8/11/2011,Saudi,167,67,Left,Midfielder,Defender,Abu Bandar,(200)771-7657x621,lhjrtly@gmail.com
P0307,Turki,Al Harbi,10/23/2013,Saudi,165,42,Right,Defender,Goalkeeper,Abu Talal,502-862-2590x153,qal-tf@al.com
P0308,Mason,Huber,3/3/2010,Greece,141,71,Left,Forward,Midfielder,Jeffrey Jones,004-021-0960,bd-lbry03@gmail.com
P0309,Turki,Al Dossari,1/24/2013,Saudi,143,37,Right,Midfielder,Forward,Abu Khalid,(353)040-1879x9049,olhkyr@al.com
P0310,Turki,Al Zahrani,8/3/2010,Saudi,145,53,Left,Goalkeeper,Defender,Abu Bandar,702.275.3076x20655,sbn-ldn@hotmail.com
P0311,Eric,Delgado,6/11/2013,Lithuania,146,62,Right,Forward,Forward,Isaac Lynch,674.079.6394,mutwkwlal-lshykh@lqyl-bw.com
P0312,Garrett,West,3/7/2012,Montenegro,177,73,Right,Midfielder,Defender,Sean Miller,(631)096-7685x7376,shj43@hotmail.com
P0313,Abdullah,Al Saud,3/2/2014,Saudi,157,58,Right,Defender,Goalkeeper,Abu Nasser,2466888110,wal-ly@lshy.com
P0314,Mohammed,Al Subaie,6/23/2010,Saudi,163,52,Right,Midfielder,Goalkeeper,Abu Bandar,903-230-5089x341,sdwhal-bn-lfy@al.com
P0315,Nasser,Al Zahrani,10/30/2014,Saudi,153,39,Left,Forward,Defender,Abu Talal,+1-900-167-2838x3303,ltwfldbg@lhkyr.net
P0316,Talal,Al Qahtani,4/22/2011,Saudi,180,74,Right,Defender,Forward,Abu Abdullah,(198)102-1773,al-lskrysrj@gmail.com
P0317,George,Nichols,4/12/2012,Trinidad and Tobago,172,59,Right,Forward,Midfielder,Chad Jones,740-150-7126,mhnbd-lbqy@shrbtly.info
P0318,Bandar,Al Shehri,4/29/2012,Saudi,176,47,Left,Defender,Goalkeeper,Abu Khalid,001-633-555-5045x26568,hnbwlybtl@yahoo.com
P0319,Kent,Decker,8/14/2011,Nauru,152,57,Left,Forward,Defender,Mr. Steve Berry MD,001-991-969-1140x388,gal-hsyn@lqyl.info
P0320,Saad,Al Mutairi,8/22/2009,Saudi,167,41,Left,Goalkeeper,Goalkeeper,Abu Abdullah,(527)391-6788x6599,hjrnwwf@gmail.com
P0321,Talal,Al Qahtani,5/4/2014,Saudi,148,58,Left,Goalkeeper,Forward,Abu Faisal,278.679.6731x6215,al-lshykhtb@gmail.com
P0322,Omar,Al Shammari,1/3/2015,Saudi,152,48,Right,Goalkeeper,Midfielder,Abu Abdullah,001-132-624-3240,bd-lgny63@gmail.com
P0323,Abdullah,Al Qahtani,5/15/2014,Saudi,143,56,Left,Defender,Defender,Abu Omar,(946)843-2597,rmhldbg@yahoo.com
P0324,Turki,Al Dossari,1/18/2010,Saudi,175,74,Right,Forward,Midfielder,Abu Talal,(708)726-0073,bd-ltwwb90@hotmail.com
P0325,Faisal,Al Saud,6/17/2011,Saudi,169,61,Left,Forward,Forward,Abu Abdullah,960-260-9536x14846,khlylal-bn-lfy@hotmail.com
P0326,Benjamin,Andrews,6/1/2011,Nepal,167,45,Left,Midfielder,Goalkeeper,Daniel Kelly,-5525,mlhm58@gmail.com
P0327,Khalid,Al Harbi,4/10/2014,Saudi,174,75,Left,Forward,Defender,Abu Omar,2585386948,tywljbr@yahoo.com
P0328,Abdullah,Al Zahrani,2/26/2014,Saudi,149,57,Left,Midfielder,Defender,Abu Khalid,(757)428-5068x9978,shyb05@al.net
P0329,Khalid,Al Harbi,3/11/2012,Saudi,158,58,Right,Defender,Goalkeeper,Abu Omar,852.845.6138x34999,shwqy84@al.com
P0330,Saad,Al Qahtani,2/4/2012,Saudi,175,75,Right,Defender,Goalkeeper,Abu Turki,566.174.5895x88682,njyal-qsyr@al.com
P0331,Saad,Al Mutairi,4/2/2014,Saudi,155,39,Right,Midfielder,Midfielder,Abu Omar,001-994-739-8206x7509,lkhrfybdrldwj@gmail.com
P0332,Turki,Al Subaie,10/4/2014,Saudi,140,54,Left,Defender,Forward,Abu Khalid,001-084-504-0025,hal-mhmd-bn-ly-bn-jmz@al.com
P0333,Abdullah,Al Shehri,8/16/2011,Saudi,162,45,Left,Defender,Goalkeeper,Abu Omar,(501)349-9021,lhjrmrtdy@hotmail.com
P0334,Jonathan,Goodman,12/14/2011,Namibia,149,64,Left,Forward,Defender,Michael Stark,926.689.2255,bd-lshwkwral-tf@lshy.net
P0335,Talal,Al Subaie,1/1/2012,Saudi,145,64,Left,Defender,Midfielder,Abu Khalid,100-215-1188,nsht58@b.com
P0336,Talal,Al Otaibi,7/17/2011,Saudi,146,59,Right,Goalkeeper,Midfielder,Abu Talal,6259294872,ktwm80@lkhrfy.com
P0337,Khalid,Al Zahrani,9/16/2014,Saudi,176,71,Left,Goalkeeper,Defender,Abu Bandar,-3923,nwlbqshn@al.com
P0338,Abdullah,Al Otaibi,7/31/2009,Saudi,174,37,Right,Midfielder,Midfielder,Abu Saad,(682)063-1583x752,qylllyn@yahoo.com
P0339,Talal,Al Otaibi,3/31/2013,Saudi,151,63,Right,Defender,Defender,Abu Bandar,(410)513-0090,lqylbnn@al.com
P0340,William,Murphy,9/27/2013,Ukraine,170,66,Left,Forward,Goalkeeper,Brandon Chang,(968)898-3260,wthwbal-lskry@hotmail.com
P0341,Omar,Al Shammari,1/25/2011,Saudi,179,69,Right,Midfielder,Defender,Abu Khalid,+1-552-867-9429x888,rlshy@gmail.com
P0342,Nasser,Al Subaie,5/16/2009,Saudi,170,52,Left,Midfielder,Defender,Abu Khalid,342-581-4385x81309,ylkhrfy@ljfly-shrbtly.com
P0343,Talal,Al Qahtani,12/17/2010,Saudi,160,59,Left,Midfielder,Defender,Abu Nasser,001-701-513-7632x349,dlmhn@gmail.com
P0344,Abdullah,Al Qahtani,2/16/2011,Saudi,152,71,Left,Midfielder,Midfielder,Abu Nasser,706.349.0904x51676,al-wdshhyr@ljln-ljln.biz
P0345,Mohammed,Al Zahrani,4/25/2009,Saudi,174,69,Right,Goalkeeper,Defender,Abu Abdullah,(406)687-7800x34250,nsr-ldwynal-myd@yahoo.com
P0346,Edward,Booker,11/28/2013,Korea,156,59,Right,Defender,Forward,Caleb Baker DVM,(612)828-3727x91073,hsnyal-sfwn@lhkyr.info
P0347,Turki,Al Shammari,2/1/2011,Saudi,149,61,Left,Defender,Forward,Abu Saad,361-663-5411x738,sldbg@gmail.com
P0348,Mohammed,Al Dossari,5/1/2014,Saudi,163,60,Left,Goalkeeper,Forward,Abu Abdullah,212.564.9123x121,sbh80@hotmail.com
P0349,Talal,Al Zahrani,4/19/2013,Saudi,169,58,Right,Defender,Forward,Abu Saad,+1-274-738-2055x07942,hqwyal-sltn@al.info
P0350,Omar,Al Zahrani,7/7/2010,Saudi,166,48,Left,Midfielder,Goalkeeper,Abu Faisal,774-996-3769x6293,al-khdyrsyd@al.biz
P0351,Abdullah,Al Saud,8/7/2013,Saudi,141,48,Left,Defender,Midfielder,Abu Nasser,847-210-5775x394,sknw@lmhydb.com
P0352,Bandar,Al Harbi,10/17/2013,Saudi,145,48,Right,Midfielder,Goalkeeper,Abu Omar,402-845-3724x924,hymn39@lshy.info
P0353,Mohammed,Al Subaie,12/2/2011,Saudi,158,45,Right,Goalkeeper,Defender,Abu Abdullah,001-672-000-0121x3258,yllyn@yahoo.com
P0354,Abdullah,Al Zahrani,3/20/2013,Saudi,171,74,Right,Defender,Forward,Abu Bandar,865-026-3735,al-rfynsr@al.info
P0355,Faisal,Al Subaie,12/27/2014,Saudi,157,47,Right,Forward,Forward,Abu Nasser,+1-927-471-2707x40081,ljbrtwlyn@b.com
P0356,Mohammed,Al Shammari,1/8/2011,Saudi,160,60,Left,Forward,Goalkeeper,Abu Khalid,(622)839-8245,hjrbtsm@al.com
P0357,Faisal,Al Shehri,8/7/2010,Saudi,166,46,Left,Midfielder,Forward,Abu Abdullah,001-267-605-6210x7603,hsnyn86@yahoo.com
P0358,Talal,Al Otaibi,11/18/2014,Saudi,167,66,Right,Forward,Goalkeeper,Abu Faisal,+1-415-904-4106x9509,rj63@lmshwl.net
P0359,Faisal,Al Mutairi,1/12/2012,Saudi,143,55,Left,Forward,Goalkeeper,Abu Nasser,001-955-024-7386x53527,al-lshykhmkwy@ljln.com
P0360,Christopher,Schneider,2/22/2013,Pakistan,145,69,Left,Forward,Goalkeeper,Thomas Parsons,9803931551,ljlnjwn@hotmail.com
P0361,Abdullah,Al Zahrani,10/6/2014,Saudi,169,42,Left,Goalkeeper,Goalkeeper,Abu Khalid,-1439,zhjr@gmail.com
P0362,Khalid,Al Mutairi,10/22/2009,Saudi,165,69,Left,Defender,Forward,Abu Faisal,(094)438-9031x161,lljbr@lmshwl.com
P0363,Abdullah,Al Harbi,12/28/2011,Saudi,141,72,Left,Goalkeeper,Midfielder,Abu Turki,001-654-897-0973x69612,al-bn-lfywthq@ldbg.info
P0364,Faisal,Al Dossari,6/18/2014,Saudi,143,54,Right,Midfielder,Defender,Abu Saad,(633)149-1667,qsydlmhydb@gmail.com
P0365,Nasser,Al Subaie,6/22/2013,Saudi,147,70,Right,Forward,Forward,Abu Turki,(636)872-9958,ynal-mqt@yahoo.com
P0366,Nasser,Al Shehri,2/4/2013,Saudi,168,44,Right,Goalkeeper,Forward,Abu Khalid,+1-173-355-1424x5482,lmal-bn-lfy@bw.com
P0367,Talal,Al Shammari,9/8/2009,Saudi,179,69,Right,Forward,Midfielder,Abu Talal,821.541.4469x8938,bd-lzyzal-sltn@yahoo.com
P0368,Khalid,Al Otaibi,5/27/2012,Saudi,152,66,Right,Midfielder,Forward,Abu Faisal,001-097-013-5147x670,mlkhrfy@hotmail.com
P0369,Saad,Al Subaie,7/18/2012,Saudi,152,71,Left,Midfielder,Defender,Abu Nasser,+1-198-378-0806x50052,fsylmmtz@al.com
P0370,Abdullah,Al Shehri,3/10/2015,Saudi,152,48,Right,Goalkeeper,Midfielder,Abu Turki,(083)202-2177x145,qbs18@lmshwl-al.info
P0371,Bandar,Al Otaibi,4/19/2015,Saudi,159,74,Right,Defender,Forward,Abu Khalid,398-902-0078,glshy@yahoo.com
P0372,Saad,Al Saud,6/1/2013,Saudi,143,57,Right,Goalkeeper,Forward,Abu Nasser,9480752591,fwwz14@hotmail.com
P0373,Nasser,Al Shehri,10/17/2010,Saudi,164,52,Right,Forward,Defender,Abu Omar,(073)508-3326,fal-qsyr@hotmail.com
P0374,Alexander,Garcia,8/6/2013,Senegal,160,60,Left,Defender,Midfielder,Adrian Freeman,-7347,tmr87@al.com
P0375,Saad,Al Mutairi,5/19/2010,Saudi,179,72,Left,Forward,Forward,Abu Omar,043.109.2341x3092,frt48@gmail.com
P0376,Abdullah,Al Shammari,7/28/2014,Saudi,148,39,Right,Defender,Forward,Abu Abdullah,(090)205-0937x5027,htmal-bn-zfr@bw.com
P0377,Khalid,Al Mutairi,8/22/2010,Saudi,154,67,Left,Goalkeeper,Forward,Abu Bandar,591.140.2562x950,ohjr@al.com
P0378,Antonio,Green,1/30/2015,Estonia,146,67,Left,Defender,Midfielder,Joshua Herrera,569.111.7357,thsynal-swd@gmail.com
P0379,Khalid,Al Otaibi,6/30/2014,Saudi,166,36,Left,Goalkeeper,Midfielder,Abu Faisal,209.498.2795,hnbwlytlt@hotmail.com
P0380,Omar,Al Subaie,1/24/2012,Saudi,145,56,Left,Forward,Midfielder,Abu Saad,+1-500-444-4164x3567,nsyb19@hotmail.com
P0381,Mohammed,Al Otaibi,1/27/2012,Saudi,151,75,Left,Goalkeeper,Forward,Abu Nasser,976.252.1778,pal-rfy@gmail.com
P0382,Omar,Al Qahtani,10/23/2013,Saudi,140,56,Left,Goalkeeper,Midfielder,Abu Khalid,-5322,al-mhmd-bn-ly-bn-jmzslh@gmail.com
P0383,Mohammed,Al Harbi,12/16/2010,Saudi,143,39,Left,Midfielder,Goalkeeper,Abu Nasser,+1-693-001-2058x7134,ilmhydb@hotmail.com
P0384,James,Day,9/15/2012,Grenada,159,75,Right,Midfielder,Defender,David Norman,(660)618-6650x802,al-lyzyn@ldbg-bw.com
P0385,Bandar,Al Shehri,11/15/2009,Saudi,172,45,Left,Defender,Defender,Abu Bandar,001-182-301-1506x112,vljfly@al.org
P0386,Turki,Al Dossari,3/9/2015,Saudi,162,56,Left,Forward,Midfielder,Abu Omar,564.539.6849,al-mhmd-bn-ly-bn-jmzwsl@gmail.com
P0387,David,Johnson,12/29/2013,Reunion,166,66,Right,Goalkeeper,Forward,Matthew Ortiz,+1-810-623-4905x85692,lhjrrgb@gmail.com
P0388,Abdullah,Al Shehri,7/9/2009,Saudi,174,65,Right,Forward,Defender,Abu Turki,001-436-260-6336x7167,zwtal-mqt@ljln.net
P0389,Nasser,Al Harbi,10/21/2013,Saudi,163,37,Right,Forward,Midfielder,Abu Bandar,366-637-0789x49308,bqshnslym@yahoo.com
P0390,Turki,Al Shehri,2/3/2011,Saudi,170,49,Left,Forward,Defender,Abu Khalid,-2287,srhnal-myd@al.com
P0391,Faisal,Al Subaie,10/25/2012,Saudi,161,71,Left,Midfielder,Goalkeeper,Abu Nasser,439-936-6520x9804,mshrq04@al.com
P0392,Faisal,Al Dossari,12/6/2010,Saudi,176,55,Left,Goalkeeper,Goalkeeper,Abu Bandar,595110858,alshy@bn.com
P0393,Faisal,Al Zahrani,12/20/2010,Saudi,170,38,Right,Defender,Goalkeeper,Abu Nasser,+1-111-080-0890x78285,bfsyl@al.com
P0394,Mohammed,Al Harbi,9/29/2014,Saudi,150,41,Right,Midfielder,Defender,Abu Abdullah,001-231-500-1633x84262,al-sfwnkswb@ljfly-bqshn.info
P0395,Talal,Al Harbi,5/11/2009,Saudi,167,47,Right,Midfielder,Goalkeeper,Abu Khalid,(236)138-8881x394,murdylmgwl@yahoo.com
P0396,Turki,Al Harbi,7/23/2010,Saudi,166,56,Right,Goalkeeper,Defender,Abu Saad,001-320-568-8686x31977,trqllyn@al.com
P0397,Bandar,Al Dossari,6/15/2011,Saudi,152,68,Right,Defender,Defender,Abu Abdullah,273.056.8115x31728,fmhn@al.com
P0398,Khalid,Al Shammari,12/24/2012,Saudi,140,46,Left,Goalkeeper,Midfielder,Abu Turki,8624167807,smh90@ljln.com
P0399,Turki,Al Subaie,2/11/2013,Saudi,158,71,Right,Forward,Forward,Abu Omar,001-207-192-8970x6989,bd-lgfwr26@al.org
P0400,Khalid,Al Mutairi,8/3/2014,Saudi,180,66,Right,Forward,Midfielder,Abu Khalid,001-237-793-3808x2657,mdht41@hotmail.com
P0401,Abdullah,Al Otaibi,3/21/2014,Saudi,179,60,Left,Goalkeeper,Defender,Abu Turki,001-570-032-4496x772,vb-lkhyl@lkhrfy.biz
P0402,Abdullah,Al Qahtani,9/6/2009,Saudi,178,36,Left,Defender,Defender,Abu Omar,(237)083-2778x2528,oal-mqt@al.net
P0403,Turki,Al Otaibi,4/3/2012,Saudi,149,48,Left,Defender,Midfielder,Abu Bandar,897.289.1711x9250,al-ydbd-lmhyy@hotmail.com
P0404,Talal,Al Subaie,6/17/2010,Saudi,168,59,Left,Goalkeeper,Midfielder,Abu Turki,+1-434-519-5885x90931,njm-ldwyn54@gmail.com
P0405,Bandar,Al Qahtani,4/18/2011,Saudi,144,57,Left,Goalkeeper,Forward,Abu Saad,001-687-720-3062x68656,shlal-ly@al.com
P0406,Abdullah,Al Qahtani,2/20/2010,Saudi,141,37,Right,Goalkeeper,Goalkeeper,Abu Talal,-10795,al-mqttrf@bw.com
P0407,Mohammed,Al Otaibi,11/14/2012,Saudi,168,67,Right,Forward,Midfielder,Abu Bandar,764.225.0595x938,tal-sltn@hotmail.com
P0408,Nasser,Al Mutairi,10/22/2013,Saudi,154,55,Left,Defender,Goalkeeper,Abu Nasser,332-372-2716x7445,hsnybn-ldn@lmhydb.com
P0409,Talal,Al Shammari,10/15/2009,Saudi,153,50,Right,Forward,Defender,Abu Faisal,971-976-8097x8907,hsmmhn@lqyl-al.net
P0410,Omar,Al Dossari,6/27/2010,Saudi,146,38,Right,Midfielder,Forward,Abu Talal,(909)030-5233x28495,nbhn42@bw.com
P0411,Bandar,Al Qahtani,3/20/2011,Saudi,146,69,Left,Forward,Midfielder,Abu Omar,+1-556-538-8193x8927,blrshd@lhjr-al.biz
P0412,Turki,Al Harbi,11/1/2009,Saudi,168,63,Left,Midfielder,Defender,Abu Faisal,+1-887-870-9444x230,xal-swd@al.com
P0413,Mohammed,Al Saud,5/6/2013,Saudi,175,46,Right,Forward,Midfielder,Abu Turki,786-055-3333,al-lylwy@yahoo.com
P0414,Saad,Al Saud,11/11/2010,Saudi,156,62,Left,Midfielder,Midfielder,Abu Bandar,001-804-714-7366x500,sal-hsyn@lrshd.com
P0415,Jacob,Rosales,12/10/2010,United States Minor Outlying Islands,155,75,Right,Forward,Forward,Matthew Estrada,+1-618-207-1296x72481,al-mydwlyf@lhjr-al.com
P0416,Omar,Al Shehri,6/6/2011,Saudi,146,44,Left,Forward,Midfielder,Abu Omar,+1-791-144-2777x608,shylknw@ljfly.net
P0417,Nasser,Al Saud,7/20/2011,Saudi,152,74,Right,Midfielder,Midfielder,Abu Nasser,881-068-8520x95665,slkhrfy@al.biz
P0418,Mohammed,Al Otaibi,2/23/2015,Saudi,171,74,Left,Defender,Forward,Abu Saad,120431444,hnblal-bn-zfr@hotmail.com
P0419,Nasser,Al Saud,1/19/2011,Saudi,151,35,Left,Midfielder,Midfielder,Abu Turki,108-851-3516,al-sfwnnbrs@lshy.org
P0420,Nasser,Al Dossari,9/28/2011,Saudi,163,68,Right,Midfielder,Forward,Abu Omar,+1-084-074-7259x40868,al-mqtdlyl@gmail.com
P0421,Turki,Al Zahrani,2/23/2012,Saudi,171,75,Right,Goalkeeper,Goalkeeper,Abu Omar,(607)677-9238x92822,frhnljbr@yahoo.com
P0422,Abdullah,Al Shehri,9/20/2012,Saudi,160,47,Left,Midfielder,Defender,Abu Saad,(003)407-9136x182,mdh91@al.net
P0423,Mohammed,Al Dossari,1/19/2013,Saudi,171,39,Left,Forward,Midfielder,Abu Khalid,+1-958-559-7607x1413,al-lymws@gmail.com
P0424,Abdullah,Al Shammari,10/5/2009,Saudi,141,65,Right,Midfielder,Goalkeeper,Abu Abdullah,242.434.5756x1079,blhjr@b.com
P0425,Bandar,Al Subaie,3/11/2015,Saudi,159,53,Right,Forward,Forward,Abu Abdullah,228-819-9758,jdyr08@hjr-lshy.info
P0426,Abdullah,Al Qahtani,9/25/2012,Saudi,140,73,Right,Goalkeeper,Defender,Abu Omar,569.896.4898,fkhryldbg@gmail.com
P0427,Talal,Al Shehri,10/7/2009,Saudi,143,51,Left,Defender,Defender,Abu Saad,923-749-0688,hykl55@al.info
P0428,Turki,Al Harbi,4/11/2013,Saudi,154,72,Right,Forward,Forward,Abu Khalid,(589)565-8398x35310,nbw-dwwd@lmgwl-al.com
P0429,Nasser,Al Qahtani,12/30/2011,Saudi,178,64,Right,Goalkeeper,Goalkeeper,Abu Turki,715.204.8222x3830,shfyal-rfy@yahoo.com
P0430,Khalid,Al Otaibi,7/14/2014,Saudi,179,36,Right,Forward,Forward,Abu Faisal,981.081.5097,jhral-yd@gmail.com
P0431,Mohammed,Al Mutairi,6/28/2010,Saudi,150,61,Right,Goalkeeper,Defender,Abu Turki,7336082608,tj32@hotmail.com
P0432,Faisal,Al Otaibi,1/14/2011,Saudi,157,73,Right,Forward,Midfielder,Abu Turki,840-638-2732x294,hlym78@al.com
P0433,Turki,Al Dossari,5/25/2013,Saudi,140,60,Left,Midfielder,Defender,Abu Abdullah,926-959-3332x3163,sdwnal-ly@lshy-al.com
P0434,Saad,Al Dossari,11/9/2012,Saudi,151,63,Right,Midfielder,Forward,Abu Khalid,-3811,ylshy@yahoo.com
P0435,Turki,Al Mutairi,3/14/2015,Saudi,165,67,Right,Goalkeeper,Midfielder,Abu Omar,001-157-605-4151,ljbrrsmy@yahoo.com
P0436,Talal,Al Harbi,4/14/2012,Saudi,142,58,Left,Forward,Midfielder,Abu Omar,(871)732-0286,al-mhmd-bn-ly-bn-jmzwdwh@hotmail.com
P0437,Mohammed,Al Otaibi,12/18/2014,Saudi,161,68,Left,Forward,Goalkeeper,Abu Bandar,001-455-507-8731x23249,rmhn@al.com
P0438,Nasser,Al Otaibi,4/10/2015,Saudi,144,61,Right,Midfielder,Midfielder,Abu Omar,385-422-8121x82257,hjrhnbwly@lmgwl.org
P0439,Turki,Al Subaie,11/13/2010,Saudi,163,68,Left,Goalkeeper,Goalkeeper,Abu Omar,412.726.3325,llynqbs@lshy.info
P0440,Abdullah,Al Dossari,4/12/2011,Saudi,174,63,Left,Defender,Midfielder,Abu Bandar,832.734.3520x0059,lkhrfyskhr@al.com
P0441,Omar,Al Zahrani,10/5/2014,Saudi,159,72,Right,Defender,Defender,Abu Saad,-6579,shkybbn-ldn@hotmail.com
P0442,Charles,Fields,4/22/2012,Saint Kitts and Nevis,154,70,Left,Forward,Defender,James Williams,860-988-0060x52466,al-wdshhd@yahoo.com
P0443,Talal,Al Shehri,5/1/2011,Saudi,158,66,Left,Defender,Forward,Abu Bandar,337-223-1235,shd42@ljln.com
P0444,Talal,Al Mutairi,11/9/2013,Saudi,175,65,Left,Goalkeeper,Midfielder,Abu Talal,(927)329-6618,lkhrfyfkry@hotmail.com
P0445,Talal,Al Otaibi,1/17/2011,Saudi,154,75,Right,Goalkeeper,Midfielder,Abu Bandar,(957)700-1475x610,lmhydbrbh@ljln-al.com
P0446,Michael,Richardson,3/4/2012,Dominica,177,49,Right,Forward,Defender,Derrick Thompson,8754487524,rmzyllyn@hotmail.com
P0447,Abdullah,Al Dossari,5/29/2014,Saudi,166,57,Right,Goalkeeper,Goalkeeper,Abu Saad,001-901-084-4096x8819,mhdybw-dwwd@al.com
P0448,Nasser,Al Subaie,3/27/2010,Saudi,150,49,Right,Forward,Goalkeeper,Abu Talal,001-511-810-8280x9696,shjal-swd@bw.biz
P0449,Nasser,Al Shammari,5/20/2009,Saudi,169,42,Left,Forward,Midfielder,Abu Abdullah,6409882325,klmshwl@yahoo.com
P0450,Faisal,Al Dossari,2/28/2011,Saudi,159,37,Right,Forward,Forward,Abu Abdullah,2222628088,krm71@fsyl.org
